﻿<?xml version="1.0" encoding="utf-8"?>
<extension type="component" version="2.5.0" method="install">
 <name>COM_KONSAEXP</name>
 <!-- Следующие элементы являются необязательными -->
 <creationDate>June 2012</creationDate>
 <author>SirPiter</author>
 <authorEmail>SirPiter@inbox.ru</authorEmail>
 <!-- /////////// -->
 <!-- Версия компонента -->
 <version>2.1.0</version>
 <!-- Описание компонента, не является обязательным, и по умолчанию используется имя -->
 <description>COM_KONSAEXP_DESCRIPTION</description>
 
 <!-- Копируем файлы для сайта -->
 <!-- Обратите внимание на аттрибут folder, он указыает с какой папки будут копироваться файлы -->
 <files folder="site">
 	<folder>helpers</folder>
	<folder>assets</folder>
	<folder>models</folder>
	<folder>views</folder>


 <filename>index.html</filename>
 <filename>konsaexp.php</filename>
 <filename>controller.php</filename>
 </files>
 
 <administration>
 <!-- Создаем меню для аминистративной панели -->
 <menu>COM_KONSAEXP_MENU</menu>
 	<submenu>
            <menu link="option=com_konsaexp&amp;controller=phonograms">COM_KONSAEXP_MENU</menu>
	    <menu link="option=com_konsaexp&amp;controller=expeditions">COM_KONSAEXP_EXPEDITIONS</menu>
	</submenu>
 <!-- Копируем файлы для административной панели -->

 <files folder="admin">
	<folder>controllers</folder>
	<folder>assets</folder>
	<folder>helpers</folder>
	<folder>models</folder>
	<folder>tables</folder>
	<folder>views</folder>


 <filename>index.html</filename>
 <filename>konsaexp.php</filename>
 <filename>controller.php</filename>
 <filename>config.xml</filename>
 </files> 
 
 		<!-- Back-end translation files -->
		<languages>
			<language tag="ru-RU">ru-RU.konsaexp.ini</language>
			<language tag="ru-RU">ru-RU.konsaexp.sys.ini</language>
		</languages>

 </administration>
 
 <languages>
</languages>
</extension>